fever,cough,headache,fatigue,body_pain,diarrhea,vomiting,sore_throat,chills,nausea,runny_nose,congestion,sneezing,dizziness,abdominal_pain,chest_pain,breathlessness,rash,itching,weight_loss,loss_of_appetite,disease
1,0,1,0,0,0,0,0,1,0,0,0,0,0,0,0,0,0,0,0,0,Malaria
1,1,0,1,1,0,0,0,1,0,0,0,0,0,1,0,0,0,0,0,0,Flu
0,1,0,0,0,0,0,1,0,0,1,0,1,0,0,0,0,0,1,0,0,Common Cold
1,0,1,0,1,0,0,0,0,0,0,0,0,0,0,0,0,1,0,0,0,Dengue
0,1,0,0,0,0,0,0,0,0,0,0,0,0,0,0,1,0,0,0,0,Asthma
0,1,0,0,0,0,0,0,0,0,0,0,0,0,0,0,1,0,0,0,0,Asthma
0,0,1,0,0,0,0,0,0,1,0,0,0,1,0,0,0,0,0,0,0,Migraine
0,0,1,0,0,0,1,0,0,1,0,0,0,1,0,0,0,0,0,0,0,Migraine
1,1,0,1,1,0,0,0,1,0,0,0,0,0,0,0,0,0,0,0,0,Flu
0,0,0,0,0,1,1,0,0,1,0,0,0,0,1,0,0,0,0,0,0,Food Poisoning
0,0,0,0,0,0,0,0,0,0,0,0,0,0,0,0,0,0,0,0,0,Healthy
1,0,1,0,0,0,0,0,1,0,0,0,0,0,0,0,0,0,0,0,0,Malaria
0,0,0,0,1,0,0,0,0,0,0,0,1,0,1,0,0,1,1,0,0,Allergy
1,1,0,1,1,0,0,0,1,0,0,0,0,0,0,0,1,0,0,0,0,Flu
1,1,0,1,1,0,0,0,1,0,0,0,0,0,0,0,0,0,0,0,0,Flu
0,1,0,0,0,0,0,1,0,0,1,0,1,1,0,0,0,0,0,0,0,Common Cold
0,1,0,0,0,0,0,1,0,0,1,0,1,0,0,0,0,0,0,0,0,Common Cold
0,1,0,0,0,0,0,1,0,0,1,0,1,0,0,0,0,0,0,0,1,Common Cold
0,0,1,0,0,1,0,0,0,1,0,0,0,1,0,1,0,0,0,0,0,Migraine
0,1,0,0,0,0,0,0,0,0,0,0,0,0,1,0,1,0,0,0,0,Asthma
0,0,0,0,0,0,0,0,0,0,0,0,0,0,0,0,0,0,0,0,0,Healthy
1,1,0,1,1,0,0,0,1,0,0,0,1,0,0,0,0,0,0,0,0,Flu
0,0,1,0,0,1,0,0,0,1,0,0,0,1,0,0,0,0,0,0,0,Migraine
1,0,1,0,1,0,0,0,0,1,0,0,0,0,0,1,0,1,0,0,0,Dengue
0,0,0,0,0,0,0,0,0,0,0,0,0,0,0,0,0,0,0,0,0,Healthy
0,1,0,0,0,0,0,0,0,0,0,0,0,0,0,0,1,0,0,0,0,Asthma
0,0,0,0,0,1,1,0,0,1,0,0,0,0,1,1,0,0,0,0,0,Food Poisoning
0,1,0,0,0,0,0,0,0,0,0,1,1,0,0,0,1,0,0,0,0,Asthma
1,0,0,0,0,0,0,0,0,0,0,0,0,0,1,0,0,0,0,0,0,Typhoid
1,0,1,0,1,0,0,0,0,0,0,0,0,0,0,0,0,1,0,0,1,Dengue
0,0,1,0,0,0,0,0,0,1,0,0,0,1,0,0,0,0,0,0,0,Migraine
1,0,1,0,1,0,0,0,0,0,1,0,0,0,0,0,0,1,0,0,0,Dengue
0,0,0,0,0,0,0,0,0,0,0,0,1,0,0,0,0,1,1,0,0,Allergy
0,0,0,0,0,0,0,0,0,0,0,0,0,0,0,0,0,0,0,0,0,Healthy
1,0,1,0,0,0,0,0,1,0,0,0,0,0,0,0,0,0,0,0,1,Malaria
0,0,0,0,0,0,0,0,0,0,0,0,0,0,0,0,0,0,0,0,0,Healthy
0,1,0,0,0,0,0,1,0,0,1,0,1,0,0,0,0,0,0,0,0,Common Cold
0,1,0,0,0,0,0,0,0,0,0,0,0,0,0,0,1,0,0,0,0,Asthma
0,1,0,0,0,0,0,1,0,0,1,0,1,0,0,0,0,0,0,0,0,Common Cold
0,1,0,0,0,0,0,0,0,0,0,0,0,0,0,0,1,0,0,0,0,Asthma
0,1,1,0,0,0,0,0,0,1,0,0,0,1,0,0,0,0,0,0,0,Migraine
1,1,0,1,1,0,0,0,1,0,0,0,0,0,0,0,0,0,0,0,0,Flu
0,1,0,0,1,0,0,1,0,0,1,0,1,0,0,1,0,0,0,0,0,Common Cold
1,0,1,0,1,0,0,0,1,0,0,0,0,0,0,0,1,0,0,0,0,Malaria
1,0,0,0,0,0,0,0,0,0,0,0,1,0,1,0,0,0,0,0,0,Typhoid
1,0,1,0,1,0,0,0,0,0,0,0,0,0,0,1,0,1,0,0,0,Dengue
0,0,0,0,0,1,1,0,0,1,1,0,0,0,1,0,0,0,0,0,0,Food Poisoning
0,1,0,0,0,0,0,1,0,0,1,0,1,0,0,0,0,0,0,0,0,Common Cold
0,1,0,0,0,0,0,1,0,1,1,0,1,0,0,0,0,0,0,1,0,Common Cold
1,0,1,0,0,0,0,0,1,0,0,0,0,0,0,0,0,0,0,0,0,Malaria
1,0,1,0,1,0,0,0,0,0,0,0,0,0,0,1,0,1,0,0,0,Dengue
0,1,0,1,0,0,0,1,0,0,1,0,1,0,0,0,0,0,0,0,0,Common Cold
0,1,0,0,0,0,0,0,0,0,0,0,0,0,0,0,1,0,0,0,0,Asthma
0,1,0,0,0,0,0,0,1,0,0,0,0,0,0,0,1,0,0,0,0,Asthma
1,0,0,0,0,0,0,0,1,0,0,0,0,0,1,0,0,0,0,0,0,Typhoid
1,0,1,0,1,0,0,0,0,0,0,0,0,0,0,0,0,1,0,0,0,Dengue
0,0,1,0,0,0,0,0,0,1,0,0,0,1,0,0,0,0,0,0,0,Migraine
1,0,1,0,1,0,0,0,0,0,0,0,0,0,1,0,0,1,0,1,0,Dengue
0,1,0,0,0,1,0,1,0,0,1,0,1,0,0,0,0,0,0,0,0,Common Cold
0,0,0,0,0,0,0,0,0,0,0,0,0,0,0,0,0,0,0,0,0,Healthy
0,0,0,0,0,0,0,0,0,0,0,0,1,0,0,0,1,1,1,1,0,Allergy
0,0,0,0,0,1,1,0,0,1,0,0,0,0,1,0,0,0,0,0,0,Food Poisoning
1,0,1,0,1,0,0,0,0,0,0,0,0,0,0,1,0,1,0,0,0,Dengue
1,1,0,1,1,0,0,0,1,0,1,0,0,0,0,0,0,0,0,0,0,Flu
0,1,0,0,0,0,0,1,0,0,1,1,1,0,0,0,0,0,0,0,0,Common Cold
0,0,1,0,0,0,0,0,0,1,0,0,0,1,0,0,0,0,0,0,0,Migraine
0,0,0,0,0,0,0,0,0,0,0,0,0,0,0,0,0,0,0,0,0,Healthy
0,0,0,0,0,1,1,0,0,1,0,0,0,0,1,0,1,0,0,0,0,Food Poisoning
0,1,0,0,0,0,0,1,0,0,1,0,1,0,0,0,0,0,0,0,0,Common Cold
0,1,0,0,0,0,0,0,0,0,0,0,0,0,0,0,1,0,0,0,0,Asthma
1,0,1,0,0,0,0,0,1,0,0,0,0,0,0,0,0,0,0,0,0,Malaria
1,0,1,0,1,0,0,0,0,0,0,0,0,0,0,0,0,1,0,1,0,Dengue
0,0,1,0,0,0,0,0,0,1,0,0,0,1,0,0,0,0,0,0,0,Migraine
1,0,1,1,1,0,0,0,1,0,0,0,0,0,0,0,0,1,0,0,0,Dengue
0,1,0,0,0,0,0,0,0,0,0,0,0,0,0,0,1,0,0,1,0,Asthma
1,0,0,0,0,0,0,0,0,0,0,1,0,0,1,0,0,0,0,0,0,Typhoid
1,1,0,1,1,0,1,0,1,0,0,0,0,0,0,0,0,0,0,0,0,Flu
0,0,1,0,0,0,0,0,0,1,0,0,0,1,0,0,0,0,0,0,0,Migraine
1,1,0,0,0,0,0,1,0,0,1,0,1,0,0,0,0,0,0,0,0,Common Cold
0,1,0,0,0,0,0,1,0,0,1,0,1,0,0,0,0,0,0,0,0,Common Cold
0,0,0,0,0,1,1,0,0,1,0,0,0,0,1,0,0,0,1,0,0,Food Poisoning
1,1,0,1,1,0,0,0,1,0,0,0,0,0,0,0,0,0,0,1,0,Flu
0,0,0,0,0,0,0,0,0,0,0,0,1,1,0,0,0,1,1,0,0,Allergy
0,1,0,0,0,1,1,0,0,1,0,0,0,0,1,0,0,0,0,0,0,Food Poisoning
0,0,0,0,0,1,1,0,0,1,0,0,0,0,1,0,0,0,0,0,0,Food Poisoning
0,0,1,0,0,0,1,0,0,1,0,0,0,1,0,0,0,0,0,0,1,Migraine
1,1,0,1,1,0,0,0,1,0,0,0,0,0,0,0,0,0,0,0,0,Flu
0,0,0,0,0,0,0,0,0,0,0,0,0,0,0,0,0,0,0,0,0,Healthy
0,0,0,0,0,1,1,0,0,1,0,0,0,1,1,0,0,0,0,0,0,Food Poisoning
1,0,1,0,1,0,0,0,0,1,0,0,0,0,0,0,0,1,0,0,0,Dengue
0,1,0,0,0,0,0,0,0,0,0,0,0,0,0,1,1,0,0,0,0,Asthma
0,0,0,0,0,0,0,0,0,0,0,0,0,0,0,0,0,0,0,0,0,Healthy
0,0,1,0,0,0,0,0,0,1,1,0,0,1,0,0,0,0,1,0,0,Migraine
1,0,1,0,1,0,0,0,0,0,0,0,0,0,0,0,0,1,0,0,0,Dengue
1,0,1,0,0,0,1,0,1,0,0,0,0,0,0,0,0,1,0,0,0,Malaria
0,1,0,0,0,0,0,1,0,0,1,0,1,0,0,0,0,0,1,0,0,Common Cold
0,0,0,0,0,0,0,0,0,0,0,0,1,0,0,0,0,1,1,0,0,Allergy
0,0,0,0,0,0,0,0,0,0,0,0,0,0,0,0,0,0,0,0,0,Healthy
0,0,0,0,0,0,0,0,0,0,0,0,0,0,0,0,0,0,0,0,0,Healthy
0,1,0,0,0,1,1,1,0,1,0,0,0,0,1,0,0,0,0,0,0,Food Poisoning
0,0,0,0,0,1,1,0,0,1,0,0,0,0,1,0,0,0,0,0,0,Food Poisoning
1,0,1,0,1,0,0,0,0,0,0,0,0,0,0,0,0,1,0,0,0,Dengue
1,0,1,0,1,0,0,0,0,0,0,0,0,0,0,0,0,1,0,0,0,Dengue
1,1,0,1,1,0,0,0,1,0,0,0,0,0,0,0,0,0,0,0,0,Flu
0,1,0,0,0,0,0,0,0,0,0,0,0,0,0,0,1,0,0,0,0,Asthma
0,0,0,0,0,0,0,0,0,0,0,0,1,1,0,0,0,1,1,0,1,Allergy
0,0,0,0,0,1,1,0,0,1,0,0,0,0,1,0,0,0,0,0,0,Food Poisoning
0,0,0,0,0,1,1,0,0,1,0,0,0,0,1,0,0,0,0,0,0,Food Poisoning
1,1,0,1,1,0,0,0,1,0,0,0,0,0,0,0,0,0,0,0,0,Flu
0,0,0,0,0,1,1,0,0,1,0,0,0,0,1,0,0,0,0,0,0,Food Poisoning
1,0,1,1,1,0,0,0,0,1,0,0,0,0,0,0,0,1,0,0,0,Dengue
1,0,0,0,0,0,0,0,0,0,0,0,0,0,1,0,0,0,0,0,0,Typhoid
0,0,0,0,0,0,1,0,0,0,0,0,1,0,0,0,0,1,1,0,0,Allergy
1,1,0,1,1,1,0,0,1,0,0,0,0,0,0,0,0,0,0,0,0,Flu
0,0,1,0,0,0,0,0,0,1,0,0,0,1,0,0,0,0,0,0,0,Migraine
0,1,0,0,0,0,0,0,0,0,0,0,0,0,0,0,1,0,0,0,0,Asthma
0,0,0,0,0,0,0,0,0,0,0,0,1,0,0,0,0,1,1,0,0,Allergy
0,0,1,0,0,0,0,1,0,1,0,0,0,1,0,1,0,0,0,0,0,Migraine
0,0,0,0,0,1,1,0,0,1,0,0,0,1,1,1,0,0,0,0,0,Food Poisoning
1,0,1,0,1,0,0,0,0,0,0,0,0,0,0,0,0,1,0,0,0,Dengue
1,1,0,1,1,0,0,1,1,0,0,0,0,0,0,0,0,0,0,0,0,Flu
1,1,0,1,1,0,0,0,1,0,0,0,0,0,0,0,0,0,0,0,0,Flu
1,1,0,0,0,0,0,0,0,0,0,0,0,0,0,0,1,0,0,0,0,Asthma
0,1,0,0,0,0,1,1,0,0,1,1,1,0,0,0,0,0,0,0,0,Common Cold
0,0,1,0,0,1,0,0,0,1,0,0,0,1,1,0,0,0,0,0,0,Migraine
0,1,0,0,0,0,0,1,0,0,1,0,1,0,0,0,0,0,0,0,0,Common Cold
0,0,1,0,0,0,0,0,0,1,0,0,0,1,0,1,0,0,0,0,0,Migraine
1,0,1,0,1,0,0,0,0,0,0,0,0,0,0,0,0,1,0,0,0,Dengue
0,0,0,0,0,1,1,0,0,1,0,0,0,0,1,0,0,0,0,0,0,Food Poisoning
0,1,0,0,0,0,0,0,0,0,0,0,0,0,0,0,1,0,0,0,0,Asthma
1,0,1,0,0,0,0,0,0,1,0,0,0,1,0,0,0,0,0,0,0,Migraine
1,0,0,0,0,0,0,1,0,0,0,0,0,0,1,0,0,0,0,1,0,Typhoid
0,1,0,0,0,0,0,0,0,0,0,0,0,0,0,0,1,0,0,0,0,Asthma
1,0,1,0,1,1,0,0,1,0,0,0,0,0,0,0,0,0,0,0,0,Malaria
1,0,1,0,0,0,0,0,1,1,0,0,0,0,0,0,0,0,0,0,0,Malaria
1,0,0,0,1,0,0,0,0,0,0,0,0,0,1,0,0,0,0,0,0,Typhoid
1,1,0,1,1,0,0,0,1,0,0,0,0,0,0,0,0,0,0,0,0,Flu
1,0,1,0,0,0,0,0,1,0,0,0,0,0,0,0,0,0,1,0,0,Malaria
1,0,1,0,1,0,0,0,0,0,0,0,0,1,1,0,0,1,0,0,0,Dengue
1,1,0,1,1,0,0,0,1,0,0,0,0,0,0,0,0,0,0,0,0,Flu
0,0,1,0,0,0,0,0,0,1,0,0,0,1,0,0,1,0,0,0,0,Migraine
1,0,0,0,0,0,0,0,1,0,0,0,0,0,1,0,0,0,0,0,0,Typhoid
0,1,0,0,0,0,0,1,0,0,1,0,1,0,0,0,0,0,0,0,1,Common Cold
0,1,0,0,0,0,0,0,0,0,0,0,0,0,0,0,1,0,0,0,0,Asthma
1,0,1,0,0,0,0,0,1,0,0,0,1,0,0,0,0,0,0,0,0,Malaria
1,0,0,0,0,0,0,0,0,0,0,0,0,0,1,0,0,1,0,0,0,Typhoid
1,1,1,1,1,0,0,0,1,0,0,0,0,0,0,0,0,0,0,0,0,Flu
0,0,0,0,0,0,0,1,0,0,0,0,1,0,0,0,0,1,1,0,0,Allergy
0,0,0,0,0,0,0,0,0,0,0,0,1,0,0,0,0,1,1,0,0,Allergy
0,0,1,0,0,0,0,0,0,1,0,0,0,1,0,0,0,0,0,0,0,Migraine
1,0,0,1,1,0,0,0,0,0,0,0,0,0,1,0,0,0,0,0,0,Typhoid
1,0,1,0,0,0,0,0,1,0,0,0,0,0,0,0,0,0,0,1,0,Malaria
0,1,0,0,0,0,0,1,0,0,1,0,1,0,1,0,0,0,0,0,0,Common Cold
1,1,0,1,1,0,0,0,1,0,0,0,0,0,0,0,1,0,0,0,0,Flu
1,0,1,0,0,1,0,1,1,0,0,0,0,0,0,0,0,0,0,0,0,Malaria
0,1,1,1,0,0,0,0,0,1,0,0,0,1,0,0,0,0,0,0,0,Migraine
1,0,0,0,1,0,0,0,0,0,0,0,0,0,1,0,0,0,0,0,0,Typhoid
1,0,1,0,0,0,0,1,1,0,0,0,0,0,0,0,0,0,0,0,0,Malaria
0,0,0,0,0,0,0,0,0,0,0,0,0,0,0,0,0,0,0,0,0,Healthy
1,0,1,0,1,0,1,0,0,0,0,0,0,0,0,0,0,1,0,0,0,Dengue
0,0,0,0,0,1,1,1,0,1,0,0,0,0,1,1,0,0,0,0,0,Food Poisoning
0,0,0,0,0,0,0,0,0,0,0,0,1,0,0,0,0,1,1,0,0,Allergy
0,1,0,0,0,0,0,1,0,0,1,0,1,0,0,0,1,0,0,0,0,Common Cold
1,0,1,0,0,0,0,0,1,0,0,0,0,0,0,0,1,0,0,0,0,Malaria
0,0,0,0,0,0,0,0,0,0,0,0,0,0,0,0,0,0,0,0,0,Healthy
1,1,0,1,1,0,0,0,1,0,0,0,0,0,0,0,1,1,0,0,0,Flu
0,0,1,1,0,0,0,0,0,1,0,0,0,1,0,0,0,0,0,0,0,Migraine
1,0,0,0,0,0,0,0,0,0,0,0,0,0,1,0,0,0,0,0,0,Typhoid
1,0,1,0,1,0,0,0,0,0,0,0,0,1,0,0,0,1,0,0,0,Dengue
1,0,0,0,0,0,0,0,0,0,0,1,0,0,1,0,0,0,0,0,0,Typhoid
1,1,0,1,1,0,0,0,1,0,0,0,0,0,0,0,0,0,0,0,0,Flu
0,1,0,0,0,0,1,1,0,0,1,0,1,1,0,0,0,0,0,0,0,Common Cold
1,0,1,0,1,0,0,0,0,0,0,0,0,0,0,0,0,1,0,0,1,Dengue
1,1,0,1,1,0,0,0,1,0,0,0,0,0,0,0,0,1,0,0,0,Flu
1,1,0,1,1,1,0,0,1,0,0,0,0,0,0,0,0,0,0,0,0,Flu
1,0,1,0,0,0,0,1,1,0,0,0,1,0,0,0,0,0,0,0,0,Malaria
1,0,1,0,0,0,0,0,1,0,0,0,0,0,0,0,0,0,0,0,0,Malaria
1,0,0,0,0,0,0,0,0,0,0,0,0,0,1,0,0,0,1,0,0,Typhoid
0,1,0,0,0,0,0,0,0,0,0,0,0,0,0,0,1,0,0,0,0,Asthma
1,1,0,1,1,0,0,0,1,0,0,0,0,0,0,0,0,0,0,0,0,Flu
1,1,0,1,1,0,0,0,1,0,1,0,0,0,0,0,0,0,0,0,0,Flu
0,1,0,0,0,0,0,0,0,0,0,0,0,0,0,0,1,0,1,0,0,Asthma
1,0,1,0,1,0,0,0,0,0,0,0,0,0,0,0,0,1,0,0,0,Dengue
1,0,1,0,1,0,0,1,0,0,0,1,0,0,0,0,0,1,0,0,0,Dengue
0,0,0,0,0,1,1,1,0,1,0,0,0,0,1,0,0,0,0,0,0,Food Poisoning
0,0,0,0,0,1,0,0,0,0,0,0,1,0,0,0,0,1,1,0,0,Allergy
0,0,0,0,0,0,0,0,0,0,0,0,0,0,0,0,0,0,0,0,0,Healthy
0,0,1,0,0,0,0,1,0,1,0,0,0,1,0,0,0,0,1,0,0,Migraine
1,1,0,0,0,0,0,1,0,0,0,0,0,0,0,0,1,0,0,0,0,Asthma
0,0,0,0,0,1,1,0,0,1,0,0,0,0,1,0,0,0,0,0,0,Food Poisoning
1,0,1,0,1,0,0,0,0,0,0,0,0,0,0,1,0,1,0,0,0,Dengue
0,0,0,0,0,0,0,0,0,0,0,0,1,0,0,0,0,1,1,1,0,Allergy
1,0,1,0,1,0,0,0,1,0,0,0,0,0,0,0,0,1,1,0,0,Dengue
1,0,0,0,0,0,0,0,0,0,0,0,0,0,1,0,0,0,0,0,0,Typhoid
0,0,0,1,0,1,1,0,0,1,0,0,0,0,1,0,0,0,0,0,0,Food Poisoning
1,0,0,0,0,0,0,0,0,0,0,1,0,0,1,0,0,0,0,0,0,Typhoid
1,0,1,1,1,0,0,0,0,0,1,0,0,0,0,0,0,1,0,0,0,Dengue
0,1,0,0,0,0,0,0,0,0,0,0,0,0,0,0,1,0,0,0,0,Asthma
1,0,0,0,0,0,0,0,0,0,0,1,0,0,1,0,0,0,0,0,0,Typhoid
0,0,0,0,0,0,0,0,0,0,0,0,0,0,0,0,0,0,0,0,0,Healthy
0,0,1,0,0,0,0,0,0,1,0,0,0,1,0,0,0,0,0,0,0,Migraine
0,0,0,0,0,0,0,0,0,0,0,0,1,0,1,0,0,1,1,0,0,Allergy
0,0,0,0,0,0,0,0,0,0,0,0,0,0,0,0,0,0,0,0,0,Healthy
0,1,0,0,0,0,0,0,0,1,0,0,1,0,0,0,0,1,1,0,0,Allergy
0,0,1,0,1,0,0,0,0,1,0,0,0,1,0,0,1,0,0,0,0,Migraine
0,1,0,0,0,0,0,1,0,0,1,0,1,0,0,0,0,0,0,0,0,Common Cold
0,0,0,0,0,1,0,0,0,0,0,0,1,0,0,1,0,1,1,0,0,Allergy
0,1,0,0,0,0,0,0,0,0,0,0,0,0,0,0,1,0,0,0,0,Asthma
0,0,1,0,0,0,0,0,0,1,0,0,0,1,0,0,0,0,0,0,0,Migraine
1,1,0,1,1,0,0,0,1,0,0,0,0,0,0,0,0,0,0,0,0,Flu
0,0,1,0,0,0,0,0,1,1,0,0,0,1,0,0,0,0,0,0,0,Migraine
1,1,0,0,0,0,0,1,1,0,1,0,1,0,0,0,0,0,0,0,0,Common Cold
1,0,0,0,0,0,0,0,0,0,0,0,0,0,1,0,0,0,0,0,0,Typhoid
1,1,0,1,1,0,0,0,1,0,0,0,0,0,0,0,0,0,0,0,0,Flu
0,0,0,0,0,0,0,0,0,0,0,0,0,0,0,0,0,0,0,0,0,Healthy
0,1,0,0,0,0,0,1,0,0,1,1,1,0,0,0,0,0,0,1,0,Common Cold
1,0,1,0,0,0,0,0,1,0,0,0,0,1,0,0,0,0,0,0,0,Malaria
0,1,0,0,0,0,0,1,0,0,0,0,0,0,0,0,1,0,0,0,0,Asthma
1,0,1,0,1,0,0,0,0,0,0,0,0,0,0,1,0,1,0,0,0,Dengue
0,0,1,0,0,1,1,0,0,1,0,0,0,0,1,1,0,0,0,0,0,Food Poisoning
0,1,0,1,0,0,0,0,0,0,0,0,0,0,1,0,1,0,0,0,0,Asthma
0,0,0,0,0,1,1,1,0,1,0,0,0,0,1,0,0,0,0,0,0,Food Poisoning
1,0,0,0,0,0,0,0,0,0,0,0,0,0,1,1,0,1,0,0,0,Typhoid
0,1,0,0,0,0,0,1,0,0,1,0,1,0,0,0,0,1,0,0,0,Common Cold
1,0,1,0,1,0,0,0,0,0,0,0,0,0,1,0,0,1,0,0,0,Dengue
0,1,0,0,0,0,0,0,0,0,0,0,0,0,0,0,1,0,0,0,0,Asthma
0,0,0,0,0,0,0,0,0,0,0,0,0,0,0,0,0,0,0,0,0,Healthy
0,0,0,0,0,1,1,0,0,1,0,0,0,0,1,0,0,0,0,0,0,Food Poisoning
0,1,0,0,0,0,1,1,0,0,1,0,1,0,0,0,0,0,0,0,0,Common Cold
1,1,0,1,1,0,0,0,1,0,0,0,0,0,0,0,0,0,0,0,0,Flu
1,0,1,0,0,0,0,0,1,0,0,0,0,0,0,0,0,0,0,0,0,Malaria
0,1,0,0,0,0,0,0,0,0,0,0,0,0,0,0,1,0,0,0,0,Asthma
1,0,1,0,1,0,0,0,0,1,0,0,0,0,0,0,0,1,0,0,0,Dengue
0,0,1,0,0,0,0,0,0,1,0,0,0,1,0,0,0,0,0,1,0,Migraine
1,0,0,0,0,0,0,0,0,1,0,0,0,0,1,0,0,0,0,0,0,Typhoid
1,0,1,0,0,0,0,0,1,0,0,1,0,0,0,0,0,0,0,1,0,Malaria
0,0,0,0,0,1,1,0,0,1,0,0,0,0,1,0,0,0,0,0,0,Food Poisoning
0,1,0,0,0,0,0,1,0,0,1,0,1,0,0,0,0,0,0,0,0,Common Cold
1,0,1,0,0,0,0,0,1,0,0,0,0,0,0,0,0,0,0,0,0,Malaria
1,0,1,0,0,0,0,0,1,0,0,0,0,0,0,0,0,0,0,0,0,Malaria
0,0,0,0,0,0,0,0,0,0,0,0,0,0,0,0,0,0,0,0,0,Healthy
0,1,0,0,0,0,0,0,0,0,0,0,0,0,0,0,1,0,0,0,0,Asthma
0,0,0,0,0,0,0,0,0,0,0,0,1,0,0,0,0,1,1,1,0,Allergy
0,1,0,0,0,0,0,0,0,0,0,0,0,0,0,0,1,0,0,0,0,Asthma
1,0,1,0,1,1,0,0,0,0,0,0,0,0,0,0,1,1,0,0,0,Dengue
1,0,1,0,0,0,0,0,1,0,0,0,0,0,0,0,0,0,0,0,0,Malaria
1,0,1,0,0,0,0,0,1,0,0,0,0,0,1,0,0,0,0,0,0,Malaria
1,0,1,0,0,0,0,0,1,0,0,0,0,1,0,0,0,0,0,0,0,Malaria
0,1,0,0,0,0,0,0,0,1,0,0,0,0,0,0,1,0,0,0,0,Asthma
1,0,1,0,1,0,0,0,0,0,0,0,0,0,0,0,1,1,1,0,0,Dengue
1,0,0,0,0,0,0,0,0,0,0,0,0,0,1,0,0,0,0,0,0,Typhoid
0,0,0,0,0,0,0,0,0,0,0,0,0,0,0,0,0,0,0,0,0,Healthy
0,0,0,0,0,0,0,0,0,0,0,0,0,0,0,0,0,0,0,0,0,Healthy
0,0,0,0,0,0,0,0,0,0,0,0,0,0,0,0,0,0,0,0,0,Healthy
0,1,0,0,0,0,0,1,0,0,1,0,1,0,0,0,0,0,0,0,0,Common Cold
1,0,0,0,0,0,0,0,0,0,0,0,0,0,1,0,0,0,0,0,0,Typhoid
0,0,1,0,0,0,0,0,0,1,0,0,0,1,0,0,0,0,0,0,0,Migraine
0,1,0,0,0,0,0,1,0,0,1,0,1,0,0,0,0,0,0,0,0,Common Cold
1,0,0,0,0,0,0,0,0,0,0,0,0,0,1,0,0,0,0,0,0,Typhoid
0,1,0,0,0,0,0,1,0,0,1,0,1,0,0,0,0,0,0,1,0,Common Cold
0,1,0,0,0,0,0,0,0,0,0,0,0,0,0,0,1,0,0,0,0,Asthma
0,0,0,0,0,0,0,0,0,0,0,0,0,0,0,0,0,0,0,0,0,Healthy
0,0,1,0,0,0,0,0,0,1,0,0,0,1,0,0,0,0,0,0,0,Migraine
0,0,1,0,0,0,0,0,0,1,1,0,0,1,0,0,0,0,0,0,0,Migraine
0,0,0,0,0,0,0,0,0,0,0,0,0,0,0,0,0,0,0,0,0,Healthy
0,0,0,0,1,0,0,0,0,0,0,0,1,0,0,0,0,1,1,0,0,Allergy
1,0,1,0,1,0,0,1,0,0,1,0,0,0,0,0,0,1,0,0,0,Dengue
0,0,0,0,0,1,1,0,0,1,0,0,0,0,1,0,0,0,0,0,0,Food Poisoning
0,0,0,0,0,0,0,0,0,0,0,0,0,0,0,0,0,0,0,0,0,Healthy
1,0,1,0,1,0,0,0,0,0,0,0,1,0,0,0,0,1,0,0,0,Dengue
1,0,1,0,0,0,0,0,0,1,1,0,0,1,0,0,0,0,0,0,0,Migraine
1,1,0,1,1,0,0,0,1,0,0,0,0,0,0,0,0,0,0,1,0,Flu
0,0,0,0,0,1,1,0,0,1,0,0,0,0,1,0,0,0,0,0,0,Food Poisoning
0,1,0,0,0,0,0,1,0,0,1,0,1,0,0,1,0,0,0,0,0,Common Cold
0,1,0,0,0,0,0,0,0,0,0,0,0,0,0,0,1,0,0,0,0,Asthma
0,0,0,0,0,0,0,0,0,0,0,0,0,0,0,0,0,0,0,0,0,Healthy
1,0,1,0,1,0,0,0,0,0,0,0,0,0,0,0,0,1,0,0,0,Dengue
0,0,1,0,0,0,0,0,0,1,0,0,0,1,1,0,0,0,0,0,0,Migraine
0,0,0,0,0,1,0,0,0,0,0,0,1,0,0,0,0,1,1,0,1,Allergy
0,0,1,0,0,0,0,0,1,1,0,0,0,1,0,0,0,0,0,0,1,Migraine
0,0,0,0,0,1,1,0,0,1,0,0,0,0,1,0,0,0,0,0,0,Food Poisoning
1,0,1,0,1,0,0,0,0,0,0,0,0,0,0,1,0,1,0,0,0,Dengue
0,0,1,0,0,1,0,0,0,1,0,0,0,1,0,0,0,0,0,0,0,Migraine
0,1,0,0,1,0,0,0,0,0,0,0,0,0,0,0,1,0,0,0,0,Asthma
0,0,0,0,0,0,0,0,0,0,0,0,1,0,0,0,0,1,1,0,0,Allergy
0,0,0,0,0,1,1,0,0,1,0,0,0,0,1,0,0,0,0,0,0,Food Poisoning
0,0,1,0,0,0,0,0,0,1,0,0,0,1,0,0,0,0,0,0,0,Migraine
0,1,0,0,0,0,0,0,0,0,0,0,0,0,0,0,1,0,0,0,0,Asthma
0,1,0,0,0,0,0,0,1,0,0,0,0,0,0,0,1,0,0,0,0,Asthma
0,0,0,0,0,1,1,0,0,1,0,0,0,0,1,1,0,0,0,0,0,Food Poisoning
0,0,0,0,0,0,0,0,0,0,0,0,0,0,0,0,0,0,0,0,0,Healthy
0,1,0,0,0,0,0,1,1,0,1,0,1,0,0,0,0,0,0,0,0,Common Cold
0,1,0,0,0,0,0,0,0,0,0,0,0,0,0,0,1,0,0,0,0,Asthma
1,0,0,0,0,0,1,0,0,0,0,0,0,0,1,0,0,0,0,0,0,Typhoid
1,0,0,0,0,0,0,0,0,0,0,0,0,0,1,0,0,0,0,0,0,Typhoid
0,1,0,0,0,0,0,1,0,0,1,0,1,0,0,0,0,1,0,0,0,Common Cold
0,1,0,0,0,0,0,1,0,0,1,0,1,0,0,0,0,0,1,0,0,Common Cold
1,1,0,1,1,0,0,0,1,0,0,0,0,0,0,0,0,0,0,0,0,Flu
0,0,0,0,0,0,0,0,0,0,0,0,0,0,0,0,0,0,0,0,0,Healthy
1,0,1,0,1,0,0,0,0,0,0,0,0,0,0,0,0,1,0,0,0,Dengue
0,0,0,0,0,0,0,0,0,0,0,0,0,0,0,0,0,0,0,0,0,Healthy
0,0,1,0,0,0,0,0,0,0,0,0,1,0,0,1,0,1,1,0,0,Allergy
0,0,0,0,0,0,0,0,0,0,0,0,0,0,0,0,0,0,0,0,0,Healthy
1,0,1,0,0,0,0,0,1,0,0,0,0,0,0,0,0,0,0,0,0,Malaria
0,0,0,0,0,0,0,0,0,0,0,0,0,0,0,0,0,0,0,0,0,Healthy
0,0,0,0,0,0,0,0,0,0,0,0,0,0,0,0,0,0,0,0,0,Healthy
0,0,0,0,0,0,0,0,0,0,0,0,1,0,0,0,0,1,1,0,0,Allergy
0,1,0,0,0,0,0,1,0,0,1,0,1,0,0,0,1,0,0,0,0,Common Cold
0,0,1,0,0,0,0,0,0,1,0,0,0,1,0,0,0,0,0,0,0,Migraine
0,1,0,0,0,0,0,1,0,0,1,0,1,0,0,0,0,0,0,0,0,Common Cold
0,1,0,0,0,0,0,1,0,0,1,0,1,0,1,0,0,0,0,0,0,Common Cold
0,0,0,0,0,0,0,0,0,0,0,0,1,0,0,0,0,1,1,0,0,Allergy
0,0,0,0,0,0,0,0,0,0,0,0,1,0,0,0,0,1,1,0,0,Allergy
0,0,0,0,0,1,1,0,0,1,0,0,0,0,1,0,0,0,0,0,0,Food Poisoning
0,1,1,0,0,0,0,1,0,1,1,0,1,0,0,0,0,0,0,0,0,Common Cold
1,0,1,0,0,0,0,0,1,0,0,0,0,0,0,1,0,0,0,0,0,Malaria
1,0,1,0,0,0,0,0,1,1,0,0,0,0,0,0,0,0,0,0,0,Malaria
0,0,0,0,0,0,0,0,0,0,0,0,0,0,0,0,0,0,0,0,0,Healthy
1,0,0,0,0,0,0,1,0,0,0,0,0,0,1,0,0,0,0,0,0,Typhoid
0,1,0,0,0,0,0,0,0,0,0,0,1,0,0,0,1,0,0,0,0,Asthma
1,1,1,1,1,0,0,0,1,0,0,0,0,0,0,0,0,0,0,0,0,Flu
1,0,0,0,0,1,1,0,0,1,0,0,0,0,1,0,0,0,0,0,0,Food Poisoning
0,0,0,0,0,0,0,0,0,0,0,0,0,0,0,0,0,0,0,0,0,Healthy
1,0,1,0,1,0,0,0,0,0,0,1,0,1,0,0,0,1,0,0,0,Dengue
1,1,0,1,1,0,0,0,1,0,0,0,0,0,0,0,0,0,0,0,0,Flu
1,0,0,1,0,0,0,0,0,0,0,0,0,0,1,0,0,0,0,0,0,Typhoid
0,0,1,0,0,0,0,0,0,1,0,0,0,1,0,0,0,0,0,0,0,Migraine
1,0,1,0,1,0,0,0,0,1,0,0,0,1,0,0,0,0,0,0,0,Migraine
0,1,0,0,0,0,0,0,0,0,0,0,0,0,0,0,1,0,0,0,0,Asthma
1,0,1,0,0,1,0,0,1,0,0,1,0,0,0,0,0,0,0,0,0,Malaria
1,0,1,0,0,1,0,0,1,0,0,0,0,0,0,0,0,0,0,0,0,Malaria
0,0,0,0,0,0,0,0,0,0,1,0,1,0,0,0,0,1,1,0,1,Allergy
0,1,1,0,0,0,0,1,0,0,1,0,1,0,0,0,0,0,0,0,0,Common Cold
1,0,1,0,0,0,0,0,1,1,0,0,0,0,0,0,0,0,0,0,0,Malaria
0,0,0,0,0,1,1,0,0,1,0,0,1,0,1,0,0,0,0,0,0,Food Poisoning
1,0,1,0,0,0,0,0,1,0,0,0,0,0,0,0,0,0,0,0,0,Malaria
0,0,0,0,0,0,0,0,0,0,0,0,0,0,0,0,0,0,0,0,0,Healthy
0,0,1,0,1,1,1,0,0,1,0,0,0,0,1,0,0,0,0,0,0,Food Poisoning
0,0,0,0,0,1,1,0,0,1,0,0,0,0,1,0,0,0,0,0,0,Food Poisoning
1,0,1,0,0,0,0,0,1,0,0,0,0,0,0,0,1,0,0,0,0,Malaria
0,1,0,0,0,0,0,0,0,0,0,0,0,0,0,0,1,0,0,0,0,Asthma
1,0,1,0,1,0,0,0,0,1,0,0,0,0,0,0,0,1,0,1,0,Dengue
0,0,0,0,0,1,1,0,0,1,0,0,0,0,1,0,0,1,0,0,0,Food Poisoning
1,1,0,1,1,0,0,0,1,0,0,0,0,0,0,0,0,0,0,0,0,Flu
0,0,1,0,0,0,0,0,0,1,1,0,0,1,0,1,0,0,0,0,0,Migraine
1,0,1,1,1,0,0,0,0,0,0,0,0,0,0,0,0,1,0,0,0,Dengue
0,1,1,0,0,0,0,0,0,0,0,0,0,0,0,0,1,1,0,0,0,Asthma
1,1,0,1,1,0,0,0,1,1,0,0,0,0,0,0,0,0,0,0,0,Flu
1,1,0,0,0,0,0,1,0,0,1,0,1,0,0,0,0,0,0,0,0,Common Cold
1,1,0,1,1,0,0,0,1,0,0,0,0,0,0,0,0,0,0,0,0,Flu
1,0,1,0,0,0,0,0,1,0,0,0,0,0,1,0,0,0,0,0,0,Malaria
0,0,0,0,0,1,1,0,0,1,0,0,0,0,1,1,0,0,0,0,0,Food Poisoning
0,0,0,0,0,0,0,0,0,0,0,0,1,0,0,0,0,1,1,1,0,Allergy
0,0,0,0,0,0,0,0,0,0,0,0,0,0,0,0,0,0,0,0,0,Healthy
0,1,0,0,1,0,0,0,0,0,0,0,1,0,0,0,1,0,0,0,0,Asthma
0,0,1,0,0,0,0,0,0,1,0,0,0,1,0,0,0,0,0,0,0,Migraine
0,1,0,0,0,0,0,1,0,0,1,0,1,0,0,0,0,0,0,0,0,Common Cold
0,0,0,0,0,0,0,0,0,0,0,0,1,0,0,0,0,1,1,0,0,Allergy
0,0,0,0,0,0,0,0,0,0,0,0,1,0,0,0,0,1,1,0,0,Allergy
0,0,0,0,0,1,1,0,0,1,0,0,0,0,1,0,0,0,1,0,0,Food Poisoning
0,0,0,0,0,0,0,0,0,0,0,0,0,0,0,0,0,0,0,0,0,Healthy
0,0,0,0,0,1,1,0,0,1,0,0,0,0,1,0,0,0,0,0,0,Food Poisoning
1,0,1,0,0,1,0,0,0,0,0,0,0,0,1,0,0,0,0,0,0,Typhoid
0,0,1,0,1,0,0,0,0,1,0,0,0,1,0,0,1,0,0,0,0,Migraine
1,0,1,0,0,0,0,0,1,0,0,0,0,0,0,0,0,0,0,0,1,Malaria
0,0,1,0,0,0,0,0,0,1,0,0,0,1,0,0,0,0,0,1,0,Migraine
1,0,1,0,0,0,0,0,1,0,0,0,0,0,0,0,0,0,0,0,0,Malaria
1,1,0,0,1,0,0,1,0,0,1,0,1,0,0,0,0,0,0,0,0,Common Cold
1,1,0,1,1,0,0,0,1,0,0,0,0,0,0,0,0,0,0,0,0,Flu
0,1,0,0,1,0,0,1,0,0,1,0,1,0,0,0,0,0,0,0,0,Common Cold
0,1,0,0,0,0,0,0,0,0,0,0,0,0,0,0,1,0,0,0,0,Asthma
0,1,0,1,0,0,0,0,0,0,0,0,0,0,0,0,1,0,0,0,0,Asthma
0,1,0,0,0,0,0,0,0,0,0,0,1,0,0,0,0,1,1,0,0,Allergy
0,1,0,0,0,0,0,0,0,0,0,0,0,0,0,0,1,0,0,0,0,Asthma
1,1,0,0,0,0,0,0,0,0,0,0,1,0,0,0,1,0,0,0,0,Asthma
1,1,0,1,1,0,0,0,1,0,0,0,0,0,0,0,0,1,0,1,0,Flu
1,0,0,0,0,0,0,0,0,0,1,0,1,0,1,0,0,0,0,0,0,Typhoid
0,1,0,0,0,0,0,1,0,0,1,0,1,0,0,0,0,0,0,0,0,Common Cold
1,1,1,0,0,0,1,0,1,0,0,0,0,0,0,0,0,0,0,0,0,Malaria
1,1,0,0,0,0,0,0,0,0,0,0,0,0,0,0,1,0,0,0,0,Asthma
0,0,0,1,0,0,0,0,0,0,0,0,1,0,0,0,0,1,1,0,0,Allergy
0,0,0,0,0,0,0,0,0,0,0,0,0,0,0,0,0,0,0,0,0,Healthy
0,1,0,0,0,0,0,0,0,0,0,0,1,0,0,0,1,0,0,0,0,Asthma
0,0,0,0,0,1,1,0,0,1,0,0,0,0,1,0,0,0,0,0,0,Food Poisoning
1,1,0,1,1,0,0,0,1,0,0,0,0,0,0,0,0,0,0,0,0,Flu
1,0,1,0,1,0,0,0,0,0,0,0,0,0,0,0,0,1,0,0,0,Dengue
1,0,1,0,1,0,0,0,1,0,0,0,0,0,0,0,0,1,0,0,0,Dengue
1,1,1,1,1,0,0,0,1,0,0,0,0,0,0,0,0,0,0,0,0,Flu
0,1,0,0,0,0,0,1,0,0,1,0,1,0,0,0,0,0,0,0,0,Common Cold
1,1,0,1,1,0,0,0,1,0,0,0,0,0,0,1,0,0,0,0,0,Flu
1,0,0,0,0,0,0,0,0,0,0,0,0,0,1,0,0,0,0,0,1,Typhoid
0,0,0,0,0,0,0,0,0,0,0,0,0,0,0,0,0,0,0,0,0,Healthy
1,1,0,1,1,0,0,0,1,0,0,0,0,0,0,0,0,0,0,0,0,Flu
0,0,0,0,0,1,1,0,0,1,0,0,0,0,1,0,0,0,0,0,0,Food Poisoning
1,1,0,1,1,0,0,0,1,0,0,0,0,0,0,0,0,0,0,0,0,Flu
0,1,0,0,0,0,0,0,0,0,0,0,0,0,0,0,1,0,0,0,0,Asthma
1,0,1,0,1,0,0,0,0,0,0,0,0,0,1,0,0,1,0,0,1,Dengue
1,0,1,0,0,0,0,0,1,0,0,0,0,0,0,0,0,0,0,0,0,Malaria
1,0,0,1,0,0,0,0,0,0,0,0,0,0,1,0,0,0,0,0,0,Typhoid
1,0,1,0,1,0,0,0,0,0,0,0,0,0,0,0,0,1,0,0,0,Dengue
